587722982297305365,yes
587722982297698635,no
587722982821724281,no
587722982829981942,maybe
587722983365279858,yes
587722983365869710,yes
587722983371374878,yes
587722983895990379,yes
587722983898349836,yes
587722983899660407,yes
587722983902544078,yes
587722983905100085,yes
587722984434565297,yes
587722984446296391,yes
587724648182120632,yes
587724648184545401,maybe
587724649261760541,yes
587724650864050209,yes
587725039015100491,yes
587725039552364715,maybe
587725039561277607,yes
587725039563440143,yes
587725040089235606,yes
587725040089301061,maybe
587725040625844391,yes
587725040626237583,yes
587725041161994328,yes
587725041708695710,yes
587725041966972957,yes
587725073918132295,yes
587725074451464611,yes
587725074456772829,yes
587725469059252389,no
587725469595730039,yes
587725470127685799,maybe
587725470130045191,yes
587725470136205340,yes
587725471203328190,yes
587725471205163212,no
587725504484540624,no
587725550129774657,yes
587725550137311343,yes
587725550659633214,yes
587725550659633284,yes
587725551212494919,maybe
587725551731540222,no
587725552811442298,yes
587725575886274642,yes
587725577499246871,yes
587725578036183361,yes
587725773994524861,yes
587725775067414589,maybe
587725775602843958,yes
587725818030850281,yes
587725818037141609,yes
587725993573482673,yes
587725994650042688,yes
587726014011408563,yes
587726014547034205,yes
587726014548017312,maybe
587726015077810368,yes
587726015080628399,yes
587726015088754891,yes
587726015612452992,maybe
587726015629754823,yes
587726016164397221,yes
587726016687439969,yes
587726031174762518,yes
587726031175680105,yes
587726031701934207,yes
587726031702196458,yes
587726031719563316,yes
587726031725920357,yes
587726032238674086,yes
587726032265019471,yes
587726032265543861,yes
587726032765059337,yes
587726033307238539,yes
587726033318641811,yes
587726033321721925,yes
587726033340793020,yes
587726033843978455,yes
587726033857347721,yes
587726101486239797,maybe
587726101490565389,yes
587726101492400386,yes
587726101492531559,yes
587726102021865578,yes
587726102023635130,yes
587727944564015408,yes
587727944568144055,yes
587728307490062508,maybe
587728308026278037,no
587728308026998899,yes
587728308027195588,no
587728308562690180,yes
587728308562755735,no
587728309101068383,yes
587728309101068476,maybe
587728309101854898,yes
587728309103558836,yes
587728309104803983,yes
587728309104869499,yes
587728309632958631,no
587728309641412839,yes
587728310180249690,yes
587728666117341359,yes
587728668803072380,yes
587728668805890394,yes
587728679002898592,yes
587728879262761106,yes
587728880340238516,yes
587728880866820451,yes
587728917913927905,yes
587728930798961022,yes
587728931341205718,yes
587728931880960143,no
587728947975291011,yes
587728949584396332,yes
587729157902958816,yes
587729157906890937,no
587729158436552924,yes
587729158967918716,yes
587729159510622432,no
587729159511605389,yes
587729159511736490,yes
587729159512457394,yes
587729159522681179,no
587729160054833167,yes
587729160055423245,yes
587729226614374569,yes
587729227684577303,yes
587729228226035827,yes
587729231441821939,yes
587729386067984432,yes
587729386082992254,yes
587729408072941746,yes
587729408077267185,yes
587729409684799703,yes
587729409684996289,yes
587729652355760192,yes
587729653424783536,yes
587729653426094241,maybe
587729746840650027,yes
587729751673799069,yes
587729773143851215,yes
587729774221197537,yes
587729774758723780,yes
587729776371368115,no
587729777439473775,yes
587729777445503222,yes
587729777980866758,yes
587729777984405702,no
587729781736276184,yes
587729971250266344,yes
587729971250921741,yes
587729971793822018,yes
587730021720785051,yes
587730021721047321,yes
587730021721309294,yes
587730022258770187,yes
587730022789939355,yes
587730022795182367,maybe
587730022796558501,no
587730845817504260,yes
587730847428182531,yes
587731174382568049,no
587731185124638747,yes
587731185651417176,yes
587731185666621597,yes
587731185667997882,yes
587731186198315176,yes
587731186726928800,yes
587731186730926403,no
587731186742394983,yes
587731186745999456,yes
587731187281494216,yes
587731187804733711,no
587731187807813907,yes
587731187816071307,yes
587731499189207144,yes
587731500258623610,yes
587731501336494207,yes
587731511531077771,no
587731511538352270,no
587731512076140664,yes
587731512078827668,yes
587731512605540489,yes
587731512610324707,yes
587731512617730220,yes
587731513150800091,yes
587731513155059795,maybe
587731513681314016,no
587731514216415445,yes
587731514225852604,yes
587731520671187078,yes
587731520673415298,yes
587731522816180397,yes
587731680122503257,yes
587731681733640336,yes
587731868561637448,yes
587731870161305838,yes
587731870169170029,yes
587731870170611910,yes
587731870699487337,maybe
587731870705975437,yes
587731872849265015,yes
587731885736722737,yes
587731885737377865,no
587731885742031015,yes
587731889502027889,no
587731890575311033,yes
587732050014634180,no
587732052710588498,yes
587732054318645368,yes
587732054853943533,no
587732135917977689,yes
587732136457601060,yes
587732136457928839,yes
587732136458518691,yes
587732482205220998,yes
587732482751791288,yes
587732483268935726,yes
587732483289907396,no
587732484340121868,yes
587732484354342925,yes
587732484900192393,yes
587732577239171242,yes
587732577239171272,yes
587732577756971484,yes
587732578294694348,no
587732578313044023,yes
587732578837856322,yes
587732582053642405,yes
587732582055870638,yes
587732589572718705,yes
587732701252878476,yes
587732701801218157,yes
587732702859165903,yes
587732702870437990,yes
587732702870438042,yes
587732703400952043,yes
587732703405998230,yes
587732703406653556,yes
587732703408881779,yes
587732769982054512,yes
587732770506801333,yes
587732770510471316,no
587732771034038517,yes
587732771043803317,yes
587732771045900448,yes
587732771060056182,yes
587732771060252812,yes
587732771569008925,yes
587732771581591696,yes
587732771584868585,yes
587732771585130621,yes
587732772106338575,yes
587732772120166516,yes
587732772121739456,yes
587732772653170868,yes
587733079205806138,yes
587733079731929233,yes
587733079736254481,yes
587733079743594580,yes
587733080275026041,no
587733397563375741,yes
587733398104899755,yes
587733398109487201,yes
587733398110863579,no
587733398113812840,no
587733398114730311,no
587733398644392122,yes
587733398650880288,maybe
587733399184998767,yes
587733399187030023,yes
587733410442838105,yes
587733410456600784,yes
587733411530604763,yes
587733427624607946,yes
587733429772222616,yes
587733431923835334,yes
587733432463065590,yes
587733432998625558,yes
587733433534251428,yes
587733441048412202,yes
587733441049002188,yes
587733441051361601,yes
587733442120646686,yes
587733442125693124,yes
587733603193913374,yes
587733603724034288,yes
587733603725803727,no
587733604260577295,no
587733604267393311,yes
587733609089597668,maybe
587734304345948330,no
587734623783026738,maybe
587734690890317917,yes
587734862680752338,yes
587734864295166164,yes
587734891681611868,yes
587734892212060196,maybe
587734892219465823,no
587734892756074660,yes
587734893292224561,yes
587734948052074655,yes
587734948056858885,yes
587734948056924263,yes
587734948058366112,yes
587734949128700109,yes
587734949661900942,yes
587734949668192426,no
587734950199623780,yes
587735043078684820,yes
587735043606577700,yes
587735043613720731,no
587735044144169287,yes
587735044148429025,yes
587735239565115542,yes
587735240644493584,yes
587735241718497348,yes
587735342650228911,yes
587735342655275021,yes
587735344261759109,yes
587735344799219915,yes
587735346966560935,yes
587735347495567535,yes
587735347496681638,yes
587735347500810348,yes
587735348011795018,yes
587735348035584047,yes
587735348547683041,yes
587735348550173058,yes
587735348567081119,yes
587735348576780298,yes
587735349087109593,yes
587735349106639026,yes
587735349633613907,yes
587735349643247722,yes
587735428542496845,maybe
587735490284355620,yes
587735661012648089,yes
587735661015400535,yes
587735661015793792,yes
587735661546831999,no
587735661548273801,yes
587735661551157300,yes
587735662085210319,yes
587735665304404016,yes
587735665321508891,yes
587735665851957415,yes
587735666395316679,yes
587735695378808930,yes
587735696988373111,maybe
587735742617485686,no
587735743154290753,yes
587735743160648417,yes
587735743691030804,yes
587736478132601029,yes
587736478134632642,yes
587736478134894884,yes
587736478668947602,yes
587736478676091339,yes
587736479464882277,yes
587736523758305288,yes
587736523760206056,yes
587736525368918248,yes
587736525373046989,yes
587736525905395871,no
587736540938109046,yes
587736541474914354,no
587736541485138140,yes
587736541489135877,yes
587736542011129927,yes
587736542026465646,yes
587736542558159048,yes
587736542561304781,yes
587736542565892380,yes
587736543090311257,yes
587736543630983327,yes
587736543635308716,yes
587736545238384672,yes
587736546310816013,maybe
587736546848473326,yes
587736546848932140,yes
587736546849325410,yes
587736547383509054,yes
587736547385278700,yes
587736547386065218,yes
587736547388293578,yes
587736584429043894,yes
587736584964604113,no
587736584969322707,yes
587736584975155220,yes
587736584979218754,yes
587736585510125858,yes
587736585513140555,yes
587736619859706188,yes
587736620398215399,yes
587736751930474641,no
587736753005527191,yes
587736753544298741,no
587736781457916109,yes
587736781998588083,yes
587736782000750603,yes
587736782002586073,yes
587736782538539023,yes
587736783608480000,yes
587736802936488084,yes
587736807771340976,yes
587736807771996287,yes
587736808304541872,yes
587736808836497549,no
587736813130416287,yes
587736813669056829,yes
587736813671022837,yes
587736897961656491,maybe
587736897964540164,yes
587736898497806404,yes
587736899574890690,yes
587736914604785830,yes
587736914605375720,yes
587736914605703349,yes
587736914605965569,yes
587736916222214545,yes
587736916223459671,yes
587736916762034702,yes
587736919434264849,yes
587736919971791278,maybe
587736920513380708,yes
587736940373737567,yes
587736940906283207,no
587736941449183491,yes
587736941985595530,yes
587736941991952702,yes
587736941995360621,yes
587736942532690039,yes
587736946813829521,yes
587736961849098279,yes
587736975272116261,yes
587736975806038068,no
587736975808594199,yes
587736976348872945,yes
587737808491118838,yes
587737809566499090,yes
587737809571676323,no
587737810649481463,yes
587737825679048927,yes
587737826752331784,yes
587737827284615473,yes
587738065654710371,yes
587738066196299911,yes
587738068350861554,yes
587738195048398937,yes
587738195584745562,yes
587738197189984580,yes
587738197191295161,yes
587738409254125621,yes
587738409256550494,yes
587738409793290318,yes
587738409793421383,yes
587738411398004958,yes
587738411401674888,yes
587738411406852256,yes
587738411409342491,maybe
587738411945885785,yes
587738568164966530,yes
587738568173551674,yes
587738568175648809,yes
587738568702885910,yes
587738569773482180,yes
587738569780887603,yes
587738569787310130,yes
587738570850828560,yes
587738572459409461,yes
587738572462948473,yes
587738615950409812,yes
587738616488591414,maybe
587738617022316609,no
587738617027887250,yes
587738618095992896,yes
587738946131722387,no
587738946144370748,yes
587738946146140229,yes
587738946663219303,yes
587738946676326551,yes
587738946682486923,no
587738947199696932,no
587738947220799529,yes
587738947730800787,yes
587738950415745139,yes
587738950417776731,yes
587738952562114569,yes
587738952569258205,yes
587738953101606936,yes
587739098068090991,no
587739114707222694,no
587739115235967051,yes
587739115244028047,yes
587739131343470620,yes
587739131879293091,yes
587739132955721847,yes
587739152817324356,yes
587739156584202314,yes
587739165701308751,yes
587739295625183317,yes
587739295626559540,no
587739303148257430,no
587739303149961255,yes
587739304223768592,yes
587739304754741417,yes
587739375631728662,no
587739376158179609,yes
587739376163946684,yes
587739376700620935,yes
587739377237754006,yes
587739377774952536,yes
587739380991197394,yes
587739380991787045,yes
587739381525971167,yes
587739381789032486,yes
587739382594732112,yes
587739385280921654,yes
587739405714915421,yes
587739406237433967,yes
587739406241497256,yes
587739406767620312,no
587739406783676511,no
587739406786887901,yes
587739406804058377,yes
587739406805827905,yes
587739407322775573,yes
587739407326052358,yes
587739407833235752,yes
587739407841296534,yes
587739407849357383,no
587739407874457763,yes
587739407877734591,yes
587739408387670021,yes
587739457226342450,yes
587739458837217382,yes
587739505005035679,yes
587739506079170741,yes
587739506084020280,yes
587739506085724292,yes
587739506089066643,yes
587739507158745241,yes
587739608102535327,yes
587739608628658241,yes
587739608639668361,yes
587739609159630910,yes
587739609706725483,yes
587739610231799927,yes
587739646207393894,yes
587739647274254477,yes
587739647275761792,yes
587739647821611197,yes
587739647821938770,no
587739648347078797,yes
587739648895156244,yes
587739651032744116,no
587739651567648938,yes
587739651571122345,yes
587739652104126601,yes
587739706331889728,no
587739706880098395,yes
587739707413889124,yes
587739707417493611,yes
587739707420442870,maybe
587739707420967368,yes
587739707421098300,yes
587739707951677537,no
587739708487368768,yes
587739708491170066,yes
587739719221575792,yes
587739719765524711,yes
587739720289812545,yes
587739720314126353,yes
587739720844443833,yes
587739809416610036,yes
587739809958134089,yes
587739809961148762,yes
587739809963573699,yes
587739810486616127,yes
587739810487664792,no
587739811024207968,yes
587739811024797755,yes
587739811026305291,yes
587739811034431700,yes
587739811037446483,no
587739811560161431,yes
587739811560226873,yes
587739811569729676,yes
587739814241763497,yes
587739814243074093,yes
587739814243991786,yes
587739814244123006,yes
587739815855653173,yes
587739826588942506,yes
587739827126730937,yes
587739827127124108,yes
587739827664781400,yes
587739828215873723,no
587739828738261271,yes
587739844856054101,yes
587739845387485357,maybe
587739845922979984,yes
587739845927632946,yes
587739845928484940,yes
587739845929926848,yes
587741386735092358,yes
587741386736402833,yes
587741390492795033,yes
587741390496006217,yes
587741390503018581,no
587741391036153949,no
587741392109764756,yes
587741421639041202,yes
587741489813914077,yes
587741489820401939,yes
587741489830232271,yes
587741490357666046,yes
587741490357862526,yes
587741490367627368,yes
587741490905022650,yes
587741491436781725,yes
587741491445563542,yes
587741531715141716,no
587741532243427436,yes
587741532247425125,yes
587741532771188879,no
587741532781805744,yes
587741533330538595,no
587741566587109433,yes
587741567124504675,no
587741600953532524,yes
587741602571354286,yes
587741603113074781,yes
587741707803164768,yes
587741707811094606,yes
587741708336758932,yes
587741708344492140,yes
587741709416661073,yes
587741709418561647,yes
587741709948813454,yes
587741709955104848,yes
587741710489223299,yes
587741720677122191,yes
587741721752371310,yes
587741724966322319,yes
587741724966649988,yes
587741725501620278,yes
587741726581653672,yes
587741727111970989,no
587741727652970725,no
587741815698292932,yes
587741815702421779,no
587741815711989787,no
587741816233263594,yes
587741816249057426,yes
587741816250302580,yes
587741816251809918,no
587741816779964618,yes
587741816782520492,yes
587741828045340678,yes
587741828048289914,yes
587741828048945333,yes
587741829655691441,maybe
587742009505677361,yes
587742010043269482,yes
587742012745121873,yes
587742012759933034,yes
587742013280157803,yes
587742013283762321,no
587742013300736254,yes
587742013804052654,yes
587742013820764182,yes
587742014340071528,yes
587742014359535634,yes
587742014373691640,yes
587742014888345811,yes
587742014899945566,yes
587742015423512711,yes
587742060010602612,yes
587742060530696249,yes
587742060550029508,yes
587742060551405824,yes
587742060557107219,yes
587742061045481579,no
587742061069467817,no
587742061069795404,yes
587742061087359072,no
587742061089915102,yes
587742061098172728,yes
587742061098172836,yes
587742061598736559,no
587742061632290975,yes
587742061632815440,yes
587742061634060506,yes
587742062119682294,yes
587742062128267462,yes
587742062131609674,yes
587742062148911209,no
587742062151663675,no
587742062162215163,yes
587742062167589135,yes
587742062682374246,yes
587742188830916687,yes
587742189375651966,yes
587742189377028292,yes
587742550145368096,yes
587742550676668631,no
587742550678962377,yes
587742550679748826,no
587742550679945372,no
587742550688989269,yes
587742550691676719,yes
587742551218061317,yes
587742551755981120,yes
587742551756046661,yes
587742567321960626,yes
587742567861190762,yes
587742568932769961,yes
587742571076714667,yes
587742571613388872,yes
587742575918842034,yes
587742576442671117,yes
587742576455647478,yes
587742576989503625,yes
587742576990683247,yes
587742576991862979,yes
587742576992583803,yes
587742576994156703,no
587742578068750595,yes
587742578071437451,yes
587742589868769590,no
587742592548339867,yes
587742593085276333,yes
587742593622540380,yes
587742593622540414,yes
587742609728274562,yes
587742610269012103,yes
587742610801164412,yes
587742611343081727,yes
587742611346686129,no
587742611875627129,yes
587742611879690392,yes
587742627446915297,yes
587742627453599887,no
587742627985162310,yes
587742628521705575,yes
587742628530815036,no
587742629062836276,yes
587742629072076915,yes
587742644626719065,yes
587742772945682518,yes
587742772950335545,yes
587742774551380040,yes
587742774553215091,yes
587742774556950606,yes
587742775090610243,yes
587742775097229413,yes
587742775627743304,yes
587742863132655792,yes
587742863134818407,no
587742863139078237,yes
587742864212099171,yes
587742864744513648,yes
587742865278959753,no
587742865279352886,yes
587742901793325115,yes
587742902868574299,yes
587742903402889368,yes
587742956008701967,yes
587744638561485497,no
587744638561747501,yes
587744728222597252,yes
587744728222597269,yes
587744728224301208,yes
587744728762089645,yes
587745243093467307,no
587745243621359664,no
587745243628961820,yes
587745402005618799,yes
587745402541899817,yes
587745403076804756,yes
587745403077066861,yes
587745403078312026,no
587745403604894144,yes
587745403605877126,yes
587745538909798498,yes
587745539440771212,yes
587745539442933777,yes
587745539983868040,yes
587745540506452021,yes
587745540516544724,yes
587745541049811146,yes
587745541050925163,yes
587745541058396346,yes
587745968928260109,yes
587745970539463052,yes
588007003623719111,yes
588007003634597901,yes
588007003647901713,yes
588007004160590101,yes
588007004187459786,yes
588007004195258408,yes
588007004695429451,no
588007004726296808,no
588007005775396895,yes
588007005807378781,yes
588007005807444322,yes
588007006327079030,yes
588009368006492351,yes
588009370689404994,no
588009370692354141,yes
588009371222409417,yes
588009371759870052,no
588009371764916237,yes
588010135731634378,yes
588010135732289650,yes
588010136801640611,no
588010358005563556,yes
588010358527754585,yes
588010359068950783,yes
588010359081468085,yes
588010359616438384,maybe
588010360152981668,yes
588010878758027438,yes
588010878771200140,yes
588010879299354666,yes
588010879301255332,yes
588010879832227953,yes
588010880632881257,yes
588011103179702445,yes
588011122502598758,yes
588011124116357203,yes
588011125186691150,yes
588011217523310723,yes
588011219134906420,yes
588011219672236182,yes
588011219682263252,yes
588011219682984264,yes
588013381662146706,yes
588013381673222210,yes
588013382189318333,yes
588013382197706878,yes
588013382729072849,no
588013383263518776,yes
588013383821099138,yes
588013384339751040,yes
588015507675283616,yes
588015507678888096,yes
588015507680198768,yes
588015508218380506,yes
588015508730151011,yes
588015508738867312,yes
588015508748959928,yes
588015509801402483,no
588015509802057817,yes
588015509810446476,yes
588015509814378666,yes
588015509814575264,yes
588015509823619165,yes
588015509823815819,yes
588015510346662008,yes
588015510356885709,yes
588015510364815549,yes
588016527171387496,yes
588016840704262911,yes
588016840712323293,yes
588016877756481668,yes
588016878285619714,yes
588016879369191564,yes
588016879902654672,yes
588016890638696567,yes
588017109682356335,yes
588017110223487063,yes
588017110756294739,yes
588017112366186564,yes
588017115585314986,yes
588017566024401006,no
588017567097028726,yes
588017567629115444,maybe
588017569237565549,yes
588017570316877995,yes
588017570848374952,yes
588017571384852618,yes
588017604147282059,yes
588017604165107904,yes
588017604674256995,yes
588017604674977994,yes
588017604684677270,yes
588017604685201492,yes
588017604695031864,yes
588017605761040474,yes
588017626160300118,yes
588017626685833299,yes
588017626699399247,yes
588017626704773281,yes
588017627243085932,yes
588017678229045279,no
588017678230683802,yes
588017702410715266,yes
588017702411305156,yes
588017702922354750,no
588017703463092373,no
588017703473578092,yes
588017703491338438,no
588017703491404095,no
588017704013856826,yes
588017704021524744,yes
588017704022245575,yes
588017704529625156,yes
588017704541880472,no
588017704557281316,no
588017704558985413,no
588017704560951471,no
588017705086877928,no
588017711514058926,no
588017712050667677,no
588017712051978422,no
588017713125916866,no
588017719577346101,no
588017721183502390,yes
588017724393848954,yes
588017724934979747,yes
588017725482139765,yes
588017726015864836,yes
588017726017306761,yes
588017726019600599,yes
588017726547624184,yes
588017726550114402,yes
588017729496219777,yes
588017729768325259,yes
588017730569961632,yes
588017947747745893,yes
588017948278456443,yes
588017948813426869,yes
588017977840697700,yes
588017978343555253,yes
588017978348601376,yes
588017978355679295,yes
588017978908541088,no
588017979411202118,yes
588017979420639324,yes
588017979448754473,yes
588017990703317218,yes
588017990705611155,yes
588017991224197147,yes
588017991233175701,yes
588017991242351086,yes
588017991768080646,yes
588017991769260271,yes
588017991769653431,yes
588017991779877313,yes
588017992296628401,yes
588017992306327833,yes
588017992306655537,yes
588017992308031669,yes
588018055129399504,yes
588018056193376427,no
588018056199078165,no
588018056203600424,yes
588018056726249525,yes
588018090545315929,yes
588018091082055824,yes
588018091082056020,yes
588018252682690746,yes
588018253216874542,no
588018253751714060,yes
588018253765410834,yes
588023045867176138,yes
588023046406144054,yes
588023239133102302,yes
588023239134937193,yes
588023239672463533,yes
588023240206516423,no
588023240743190596,yes
588023240744239171,yes
588023668098400476,yes
588023668100301095,yes
588023668100694162,yes
588023668632715418,yes
588023669166178423,yes
588023669706260563,yes
588023669708030066,yes
588023720171077814,yes
588023721247178971,no
588023721248161904,yes
588023722049339575,yes
588295841242480777,yes
588295841788133483,yes
588297863109345414,yes
588297863635927101,yes
588297864192655392,yes
588297864711700683,yes
588297864712618214,yes
588298663041826954,yes
588298663048380602,yes
588298664649097303,yes
588848898828533784,yes
588848898842820814,yes
588848899371696282,yes
588848899375824998,yes
588848899384082618,yes
588848899389849820,yes
588848899908567249,yes
588848899927834903,yes
588848899932291274,yes
588848899934060965,yes
588848900428398762,yes
588848900428595394,no
588848900431741191,yes
588848900436918347,yes
588848900446027787,no
588848900460183690,yes
588848900968480848,yes
588848900980867086,yes
588848900982505544,yes
588848900990763033,yes
588848900993253453,yes
588848901525930152,yes
